pxd,column,n_rows,n_real,n_na,pct_real,n_unique_real
PXD004010,Characteristics[Age],10,0,10,0.0,0
PXD004010,Characteristics[AlkylationReagent],10,0,10,0.0,0
PXD004010,Characteristics[AnatomicSiteTumor],10,0,10,0.0,0
PXD004010,Characteristics[AncestryCategory],10,0,10,0.0,0
PXD004010,Characteristics[BMI],10,0,10,0.0,0
PXD004010,Characteristics[Bait],10,0,10,0.0,0
PXD004010,Characteristics[BiologicalReplicate],10,0,10,0.0,0
PXD004010,Characteristics[CellLine],10,0,10,0.0,0
PXD004010,Characteristics[CellPart],10,0,10,0.0,0
PXD004010,Characteristics[CellType],10,0,10,0.0,0
PXD004010,Characteristics[CleavageAgent],10,10,0,100.0,1
PXD004010,Characteristics[Compound],10,0,10,0.0,0
PXD004010,Characteristics[ConcentrationOfCompound],10,0,10,0.0,0
PXD004010,Characteristics[Depletion],10,0,10,0.0,0
PXD004010,Characteristics[DevelopmentalStage],10,0,10,0.0,0
PXD004010,Characteristics[DiseaseTreatment],10,0,10,0.0,0
PXD004010,Characteristics[Disease],10,0,10,0.0,0
PXD004010,Characteristics[GeneticModification],10,0,10,0.0,0
PXD004010,Characteristics[Genotype],10,0,10,0.0,0
PXD004010,Characteristics[GrowthRate],10,0,10,0.0,0
PXD004010,Characteristics[Label],10,10,0,100.0,1
PXD004010,Characteristics[MaterialType],10,0,10,0.0,0
PXD004010,Characteristics[Modification],10,10,0,100.0,1
PXD004010,Characteristics[Modification].1,10,10,0,100.0,1
PXD004010,Characteristics[Modification].2,10,0,10,0.0,0
PXD004010,Characteristics[Modification].3,10,0,10,0.0,0
PXD004010,Characteristics[Modification].4,10,0,10,0.0,0
PXD004010,Characteristics[Modification].5,10,0,10,0.0,0
PXD004010,Characteristics[Modification].6,10,0,10,0.0,0
PXD004010,Characteristics[NumberOfBiologicalReplicates],10,0,10,0.0,0
PXD004010,Characteristics[NumberOfSamples],10,10,0,100.0,1
PXD004010,Characteristics[NumberOfTechnicalReplicates],10,10,0,100.0,1
PXD004010,Characteristics[OrganismPart],10,0,10,0.0,0
PXD004010,Characteristics[Organism],10,10,0,100.0,1
PXD004010,Characteristics[OriginSiteDisease],10,0,10,0.0,0
PXD004010,Characteristics[PooledSample],10,0,10,0.0,0
PXD004010,Characteristics[ReductionReagent],10,0,10,0.0,0
PXD004010,Characteristics[SamplingTime],10,0,10,0.0,0
PXD004010,Characteristics[Sex],10,0,10,0.0,0
PXD004010,Characteristics[Specimen],10,0,10,0.0,0
PXD004010,Characteristics[SpikedCompound],10,0,10,0.0,0
PXD004010,Characteristics[Staining],10,0,10,0.0,0
PXD004010,Characteristics[Strain],10,0,10,0.0,0
PXD004010,Characteristics[SyntheticPeptide],10,0,10,0.0,0
PXD004010,Characteristics[Temperature],10,0,10,0.0,0
PXD004010,Characteristics[Time],10,0,10,0.0,0
PXD004010,Characteristics[Treatment],10,0,10,0.0,0
PXD004010,Characteristics[TumorCellularity],10,0,10,0.0,0
PXD004010,Characteristics[TumorGrade],10,0,10,0.0,0
PXD004010,Characteristics[TumorSite],10,0,10,0.0,0
PXD004010,Characteristics[TumorSize],10,0,10,0.0,0
PXD004010,Characteristics[TumorStage],10,0,10,0.0,0
PXD004010,Comment[AcquisitionMethod],10,0,10,0.0,0
PXD004010,Comment[CollisionEnergy],10,0,10,0.0,0
PXD004010,Comment[EnrichmentMethod],10,0,10,0.0,0
PXD004010,Comment[FlowRateChromatogram],10,0,10,0.0,0
PXD004010,Comment[FractionIdentifier],10,0,10,0.0,0
PXD004010,Comment[FractionationMethod],10,0,10,0.0,0
PXD004010,Comment[FragmentMassTolerance],10,0,10,0.0,0
PXD004010,Comment[FragmentationMethod],10,10,0,100.0,1
PXD004010,Comment[GradientTime],10,0,10,0.0,0
PXD004010,Comment[Instrument],10,10,0,100.0,1
PXD004010,Comment[IonizationType],10,0,10,0.0,0
PXD004010,Comment[MS2MassAnalyzer],10,0,10,0.0,0
PXD004010,Comment[NumberOfFractions],10,0,10,0.0,0
PXD004010,Comment[NumberOfMissedCleavages],10,10,0,100.0,1
PXD004010,Comment[PrecursorMassTolerance],10,10,0,100.0,1
PXD004010,Comment[Separation],10,0,10,0.0,0
PXD004010,FactorValue[Bait],10,0,10,0.0,0
PXD004010,FactorValue[CellPart],10,0,10,0.0,0
PXD004010,FactorValue[Compound],10,0,10,0.0,0
PXD004010,FactorValue[ConcentrationOfCompound].1,10,0,10,0.0,0
PXD004010,FactorValue[Disease],10,0,10,0.0,0
PXD004010,FactorValue[FractionIdentifier],10,0,10,0.0,0
PXD004010,FactorValue[GeneticModification],10,0,10,0.0,0
PXD004010,FactorValue[Temperature],10,0,10,0.0,0
PXD004010,FactorValue[Treatment],10,0,10,0.0,0
PXD050621,Characteristics[Age],9,0,9,0.0,0
PXD050621,Characteristics[AlkylationReagent],9,0,9,0.0,0
PXD050621,Characteristics[AnatomicSiteTumor],9,0,9,0.0,0
PXD050621,Characteristics[AncestryCategory],9,0,9,0.0,0
PXD050621,Characteristics[BMI],9,0,9,0.0,0
PXD050621,Characteristics[Bait],9,0,9,0.0,0
PXD050621,Characteristics[BiologicalReplicate],9,0,9,0.0,0
PXD050621,Characteristics[CellLine],9,0,9,0.0,0
PXD050621,Characteristics[CellPart],9,0,9,0.0,0
PXD050621,Characteristics[CellType],9,0,9,0.0,0
PXD050621,Characteristics[CleavageAgent],9,9,0,100.0,1
PXD050621,Characteristics[Compound],9,0,9,0.0,0
PXD050621,Characteristics[ConcentrationOfCompound],9,0,9,0.0,0
PXD050621,Characteristics[Depletion],9,0,9,0.0,0
PXD050621,Characteristics[DevelopmentalStage],9,0,9,0.0,0
PXD050621,Characteristics[DiseaseTreatment],9,0,9,0.0,0
PXD050621,Characteristics[Disease],9,0,9,0.0,0
PXD050621,Characteristics[GeneticModification],9,6,3,66.7,6
PXD050621,Characteristics[Genotype],9,0,9,0.0,0
PXD050621,Characteristics[GrowthRate],9,0,9,0.0,0
PXD050621,Characteristics[Label],9,9,0,100.0,1
PXD050621,Characteristics[MaterialType],9,0,9,0.0,0
PXD050621,Characteristics[Modification],9,9,0,100.0,1
PXD050621,Characteristics[Modification].1,9,9,0,100.0,1
PXD050621,Characteristics[Modification].2,9,0,9,0.0,0
PXD050621,Characteristics[Modification].3,9,0,9,0.0,0
PXD050621,Characteristics[Modification].4,9,0,9,0.0,0
PXD050621,Characteristics[Modification].5,9,0,9,0.0,0
PXD050621,Characteristics[Modification].6,9,0,9,0.0,0
PXD050621,Characteristics[NumberOfBiologicalReplicates],9,0,9,0.0,0
PXD050621,Characteristics[NumberOfSamples],9,9,0,100.0,1
PXD050621,Characteristics[NumberOfTechnicalReplicates],9,9,0,100.0,1
PXD050621,Characteristics[OrganismPart],9,0,9,0.0,0
PXD050621,Characteristics[Organism],9,9,0,100.0,1
PXD050621,Characteristics[OriginSiteDisease],9,0,9,0.0,0
PXD050621,Characteristics[PooledSample],9,0,9,0.0,0
PXD050621,Characteristics[ReductionReagent],9,0,9,0.0,0
PXD050621,Characteristics[SamplingTime],9,0,9,0.0,0
PXD050621,Characteristics[Sex],9,0,9,0.0,0
PXD050621,Characteristics[Specimen],9,0,9,0.0,0
PXD050621,Characteristics[SpikedCompound],9,0,9,0.0,0
PXD050621,Characteristics[Staining],9,0,9,0.0,0
PXD050621,Characteristics[Strain],9,0,9,0.0,0
PXD050621,Characteristics[SyntheticPeptide],9,0,9,0.0,0
PXD050621,Characteristics[Temperature],9,0,9,0.0,0
PXD050621,Characteristics[Time],9,0,9,0.0,0
PXD050621,Characteristics[Treatment],9,0,9,0.0,0
PXD050621,Characteristics[TumorCellularity],9,0,9,0.0,0
PXD050621,Characteristics[TumorGrade],9,0,9,0.0,0
PXD050621,Characteristics[TumorSite],9,0,9,0.0,0
PXD050621,Characteristics[TumorSize],9,0,9,0.0,0
PXD050621,Characteristics[TumorStage],9,0,9,0.0,0
PXD050621,Comment[AcquisitionMethod],9,9,0,100.0,1
PXD050621,Comment[CollisionEnergy],9,0,9,0.0,0
PXD050621,Comment[EnrichmentMethod],9,0,9,0.0,0
PXD050621,Comment[FlowRateChromatogram],9,0,9,0.0,0
PXD050621,Comment[FractionIdentifier],9,0,9,0.0,0
PXD050621,Comment[FractionationMethod],9,0,9,0.0,0
PXD050621,Comment[FragmentMassTolerance],9,0,9,0.0,0
PXD050621,Comment[FragmentationMethod],9,9,0,100.0,1
PXD050621,Comment[GradientTime],9,0,9,0.0,0
PXD050621,Comment[Instrument],9,9,0,100.0,1
PXD050621,Comment[IonizationType],9,0,9,0.0,0
PXD050621,Comment[MS2MassAnalyzer],9,0,9,0.0,0
PXD050621,Comment[NumberOfFractions],9,0,9,0.0,0
PXD050621,Comment[NumberOfMissedCleavages],9,9,0,100.0,1
PXD050621,Comment[PrecursorMassTolerance],9,0,9,0.0,0
PXD050621,Comment[Separation],9,0,9,0.0,0
PXD050621,FactorValue[Bait],9,0,9,0.0,0
PXD050621,FactorValue[CellPart],9,0,9,0.0,0
PXD050621,FactorValue[Compound],9,0,9,0.0,0
PXD050621,FactorValue[ConcentrationOfCompound].1,9,0,9,0.0,0
PXD050621,FactorValue[Disease],9,0,9,0.0,0
PXD050621,FactorValue[FractionIdentifier],9,0,9,0.0,0
PXD050621,FactorValue[GeneticModification],9,6,3,66.7,6
PXD050621,FactorValue[Temperature],9,0,9,0.0,0
PXD050621,FactorValue[Treatment],9,0,9,0.0,0
PXD062014,Characteristics[Age],24,0,24,0.0,0
PXD062014,Characteristics[AlkylationReagent],24,0,24,0.0,0
PXD062014,Characteristics[AnatomicSiteTumor],24,0,24,0.0,0
PXD062014,Characteristics[AncestryCategory],24,0,24,0.0,0
PXD062014,Characteristics[BMI],24,0,24,0.0,0
PXD062014,Characteristics[Bait],24,0,24,0.0,0
PXD062014,Characteristics[BiologicalReplicate],24,0,24,0.0,0
PXD062014,Characteristics[CellLine],24,0,24,0.0,0
PXD062014,Characteristics[CellPart],24,0,24,0.0,0
PXD062014,Characteristics[CellType],24,0,24,0.0,0
PXD062014,Characteristics[CleavageAgent],24,24,0,100.0,1
PXD062014,Characteristics[Compound],24,0,24,0.0,0
PXD062014,Characteristics[ConcentrationOfCompound],24,0,24,0.0,0
PXD062014,Characteristics[Depletion],24,0,24,0.0,0
PXD062014,Characteristics[DevelopmentalStage],24,0,24,0.0,0
PXD062014,Characteristics[DiseaseTreatment],24,0,24,0.0,0
PXD062014,Characteristics[Disease],24,0,24,0.0,0
PXD062014,Characteristics[GeneticModification],24,0,24,0.0,0
PXD062014,Characteristics[Genotype],24,0,24,0.0,0
PXD062014,Characteristics[GrowthRate],24,0,24,0.0,0
PXD062014,Characteristics[Label],24,24,0,100.0,1
PXD062014,Characteristics[MaterialType],24,24,0,100.0,1
PXD062014,Characteristics[Modification],24,24,0,100.0,1
PXD062014,Characteristics[Modification].1,24,24,0,100.0,1
PXD062014,Characteristics[Modification].2,24,0,24,0.0,0
PXD062014,Characteristics[Modification].3,24,0,24,0.0,0
PXD062014,Characteristics[Modification].4,24,0,24,0.0,0
PXD062014,Characteristics[Modification].5,24,0,24,0.0,0
PXD062014,Characteristics[Modification].6,24,0,24,0.0,0
PXD062014,Characteristics[NumberOfBiologicalReplicates],24,0,24,0.0,0
PXD062014,Characteristics[NumberOfSamples],24,24,0,100.0,1
PXD062014,Characteristics[NumberOfTechnicalReplicates],24,24,0,100.0,1
PXD062014,Characteristics[OrganismPart],24,0,24,0.0,0
PXD062014,Characteristics[Organism],24,24,0,100.0,1
PXD062014,Characteristics[OriginSiteDisease],24,0,24,0.0,0
PXD062014,Characteristics[PooledSample],24,0,24,0.0,0
PXD062014,Characteristics[ReductionReagent],24,24,0,100.0,1
PXD062014,Characteristics[SamplingTime],24,0,24,0.0,0
PXD062014,Characteristics[Sex],24,0,24,0.0,0
PXD062014,Characteristics[Specimen],24,0,24,0.0,0
PXD062014,Characteristics[SpikedCompound],24,0,24,0.0,0
PXD062014,Characteristics[Staining],24,0,24,0.0,0
PXD062014,Characteristics[Strain],24,0,24,0.0,0
PXD062014,Characteristics[SyntheticPeptide],24,0,24,0.0,0
PXD062014,Characteristics[Temperature],24,0,24,0.0,0
PXD062014,Characteristics[Time],24,0,24,0.0,0
PXD062014,Characteristics[Treatment],24,0,24,0.0,0
PXD062014,Characteristics[TumorCellularity],24,0,24,0.0,0
PXD062014,Characteristics[TumorGrade],24,0,24,0.0,0
PXD062014,Characteristics[TumorSite],24,0,24,0.0,0
PXD062014,Characteristics[TumorSize],24,0,24,0.0,0
PXD062014,Characteristics[TumorStage],24,0,24,0.0,0
PXD062014,Comment[AcquisitionMethod],24,0,24,0.0,0
PXD062014,Comment[CollisionEnergy],24,0,24,0.0,0
PXD062014,Comment[EnrichmentMethod],24,0,24,0.0,0
PXD062014,Comment[FlowRateChromatogram],24,0,24,0.0,0
PXD062014,Comment[FractionIdentifier],24,0,24,0.0,0
PXD062014,Comment[FractionationMethod],24,0,24,0.0,0
PXD062014,Comment[FragmentMassTolerance],24,24,0,100.0,1
PXD062014,Comment[FragmentationMethod],24,24,0,100.0,1
PXD062014,Comment[GradientTime],24,0,24,0.0,0
PXD062014,Comment[Instrument],24,24,0,100.0,1
PXD062014,Comment[IonizationType],24,0,24,0.0,0
PXD062014,Comment[MS2MassAnalyzer],24,0,24,0.0,0
PXD062014,Comment[NumberOfFractions],24,0,24,0.0,0
PXD062014,Comment[NumberOfMissedCleavages],24,24,0,100.0,1
PXD062014,Comment[PrecursorMassTolerance],24,0,24,0.0,0
PXD062014,Comment[Separation],24,24,0,100.0,1
PXD062014,FactorValue[Bait],24,0,24,0.0,0
PXD062014,FactorValue[CellPart],24,0,24,0.0,0
PXD062014,FactorValue[Compound],24,0,24,0.0,0
PXD062014,FactorValue[ConcentrationOfCompound].1,24,0,24,0.0,0
PXD062014,FactorValue[Disease],24,0,24,0.0,0
PXD062014,FactorValue[FractionIdentifier],24,0,24,0.0,0
PXD062014,FactorValue[GeneticModification],24,0,24,0.0,0
PXD062014,FactorValue[Temperature],24,0,24,0.0,0
PXD062014,FactorValue[Treatment],24,0,24,0.0,0
PXD061136,Characteristics[Age],2,0,2,0.0,0
PXD061136,Characteristics[AlkylationReagent],2,0,2,0.0,0
PXD061136,Characteristics[AnatomicSiteTumor],2,0,2,0.0,0
PXD061136,Characteristics[AncestryCategory],2,0,2,0.0,0
PXD061136,Characteristics[BMI],2,0,2,0.0,0
PXD061136,Characteristics[Bait],2,0,2,0.0,0
PXD061136,Characteristics[BiologicalReplicate],2,0,2,0.0,0
PXD061136,Characteristics[CellLine],2,0,2,0.0,0
PXD061136,Characteristics[CellPart],2,0,2,0.0,0
PXD061136,Characteristics[CellType],2,0,2,0.0,0
PXD061136,Characteristics[CleavageAgent],2,2,0,100.0,1
PXD061136,Characteristics[Compound],2,0,2,0.0,0
PXD061136,Characteristics[ConcentrationOfCompound],2,0,2,0.0,0
PXD061136,Characteristics[Depletion],2,0,2,0.0,0
PXD061136,Characteristics[DevelopmentalStage],2,0,2,0.0,0
PXD061136,Characteristics[DiseaseTreatment],2,0,2,0.0,0
PXD061136,Characteristics[Disease],2,0,2,0.0,0
PXD061136,Characteristics[GeneticModification],2,0,2,0.0,0
PXD061136,Characteristics[Genotype],2,0,2,0.0,0
PXD061136,Characteristics[GrowthRate],2,0,2,0.0,0
PXD061136,Characteristics[Label],2,2,0,100.0,1
PXD061136,Characteristics[MaterialType],2,0,2,0.0,0
PXD061136,Characteristics[Modification],2,2,0,100.0,1
PXD061136,Characteristics[Modification].1,2,2,0,100.0,1
PXD061136,Characteristics[Modification].2,2,0,2,0.0,0
PXD061136,Characteristics[Modification].3,2,0,2,0.0,0
PXD061136,Characteristics[Modification].4,2,0,2,0.0,0
PXD061136,Characteristics[Modification].5,2,0,2,0.0,0
PXD061136,Characteristics[Modification].6,2,0,2,0.0,0
PXD061136,Characteristics[NumberOfBiologicalReplicates],2,0,2,0.0,0
PXD061136,Characteristics[NumberOfSamples],2,2,0,100.0,1
PXD061136,Characteristics[NumberOfTechnicalReplicates],2,2,0,100.0,1
PXD061136,Characteristics[OrganismPart],2,0,2,0.0,0
PXD061136,Characteristics[Organism],2,2,0,100.0,1
PXD061136,Characteristics[OriginSiteDisease],2,0,2,0.0,0
PXD061136,Characteristics[PooledSample],2,0,2,0.0,0
PXD061136,Characteristics[ReductionReagent],2,0,2,0.0,0
PXD061136,Characteristics[SamplingTime],2,0,2,0.0,0
PXD061136,Characteristics[Sex],2,0,2,0.0,0
PXD061136,Characteristics[Specimen],2,0,2,0.0,0
PXD061136,Characteristics[SpikedCompound],2,0,2,0.0,0
PXD061136,Characteristics[Staining],2,0,2,0.0,0
PXD061136,Characteristics[Strain],2,0,2,0.0,0
PXD061136,Characteristics[SyntheticPeptide],2,0,2,0.0,0
PXD061136,Characteristics[Temperature],2,0,2,0.0,0
PXD061136,Characteristics[Time],2,0,2,0.0,0
PXD061136,Characteristics[Treatment],2,0,2,0.0,0
PXD061136,Characteristics[TumorCellularity],2,0,2,0.0,0
PXD061136,Characteristics[TumorGrade],2,0,2,0.0,0
PXD061136,Characteristics[TumorSite],2,0,2,0.0,0
PXD061136,Characteristics[TumorSize],2,0,2,0.0,0
PXD061136,Characteristics[TumorStage],2,0,2,0.0,0
PXD061136,Comment[AcquisitionMethod],2,2,0,100.0,1
PXD061136,Comment[CollisionEnergy],2,0,2,0.0,0
PXD061136,Comment[EnrichmentMethod],2,0,2,0.0,0
PXD061136,Comment[FlowRateChromatogram],2,0,2,0.0,0
PXD061136,Comment[FractionIdentifier],2,0,2,0.0,0
PXD061136,Comment[FractionationMethod],2,0,2,0.0,0
PXD061136,Comment[FragmentMassTolerance],2,0,2,0.0,0
PXD061136,Comment[FragmentationMethod],2,0,2,0.0,0
PXD061136,Comment[GradientTime],2,2,0,100.0,1
PXD061136,Comment[Instrument],2,2,0,100.0,1
PXD061136,Comment[IonizationType],2,0,2,0.0,0
PXD061136,Comment[MS2MassAnalyzer],2,0,2,0.0,0
PXD061136,Comment[NumberOfFractions],2,0,2,0.0,0
PXD061136,Comment[NumberOfMissedCleavages],2,2,0,100.0,1
PXD061136,Comment[PrecursorMassTolerance],2,0,2,0.0,0
PXD061136,Comment[Separation],2,0,2,0.0,0
PXD061136,FactorValue[Bait],2,0,2,0.0,0
PXD061136,FactorValue[CellPart],2,0,2,0.0,0
PXD061136,FactorValue[Compound],2,0,2,0.0,0
PXD061136,FactorValue[ConcentrationOfCompound].1,2,0,2,0.0,0
PXD061136,FactorValue[Disease],2,0,2,0.0,0
PXD061136,FactorValue[FractionIdentifier],2,0,2,0.0,0
PXD061136,FactorValue[GeneticModification],2,0,2,0.0,0
PXD061136,FactorValue[Temperature],2,0,2,0.0,0
PXD061136,FactorValue[Treatment],2,0,2,0.0,0
PXD016436,Characteristics[Age],18,0,18,0.0,0
PXD016436,Characteristics[AlkylationReagent],18,18,0,100.0,1
PXD016436,Characteristics[AnatomicSiteTumor],18,0,18,0.0,0
PXD016436,Characteristics[AncestryCategory],18,0,18,0.0,0
PXD016436,Characteristics[BMI],18,0,18,0.0,0
PXD016436,Characteristics[Bait],18,0,18,0.0,0
PXD016436,Characteristics[BiologicalReplicate],18,0,18,0.0,0
PXD016436,Characteristics[CellLine],18,0,18,0.0,0
PXD016436,Characteristics[CellPart],18,0,18,0.0,0
PXD016436,Characteristics[CellType],18,0,18,0.0,0
PXD016436,Characteristics[CleavageAgent],18,18,0,100.0,1
PXD016436,Characteristics[Compound],18,0,18,0.0,0
PXD016436,Characteristics[ConcentrationOfCompound],18,0,18,0.0,0
PXD016436,Characteristics[Depletion],18,0,18,0.0,0
PXD016436,Characteristics[DevelopmentalStage],18,0,18,0.0,0
PXD016436,Characteristics[DiseaseTreatment],18,0,18,0.0,0
PXD016436,Characteristics[Disease],18,0,18,0.0,0
PXD016436,Characteristics[GeneticModification],18,0,18,0.0,0
PXD016436,Characteristics[Genotype],18,0,18,0.0,0
PXD016436,Characteristics[GrowthRate],18,0,18,0.0,0
PXD016436,Characteristics[Label],18,18,0,100.0,1
PXD016436,Characteristics[MaterialType],18,0,18,0.0,0
PXD016436,Characteristics[Modification],18,18,0,100.0,1
PXD016436,Characteristics[Modification].1,18,18,0,100.0,1
PXD016436,Characteristics[Modification].2,18,18,0,100.0,1
PXD016436,Characteristics[Modification].3,18,0,18,0.0,0
PXD016436,Characteristics[Modification].4,18,0,18,0.0,0
PXD016436,Characteristics[Modification].5,18,0,18,0.0,0
PXD016436,Characteristics[Modification].6,18,0,18,0.0,0
PXD016436,Characteristics[NumberOfBiologicalReplicates],18,0,18,0.0,0
PXD016436,Characteristics[NumberOfSamples],18,18,0,100.0,1
PXD016436,Characteristics[NumberOfTechnicalReplicates],18,18,0,100.0,1
PXD016436,Characteristics[OrganismPart],18,0,18,0.0,0
PXD016436,Characteristics[Organism],18,18,0,100.0,1
PXD016436,Characteristics[OriginSiteDisease],18,0,18,0.0,0
PXD016436,Characteristics[PooledSample],18,0,18,0.0,0
PXD016436,Characteristics[ReductionReagent],18,18,0,100.0,1
PXD016436,Characteristics[SamplingTime],18,0,18,0.0,0
PXD016436,Characteristics[Sex],18,0,18,0.0,0
PXD016436,Characteristics[Specimen],18,0,18,0.0,0
PXD016436,Characteristics[SpikedCompound],18,0,18,0.0,0
PXD016436,Characteristics[Staining],18,0,18,0.0,0
PXD016436,Characteristics[Strain],18,0,18,0.0,0
PXD016436,Characteristics[SyntheticPeptide],18,0,18,0.0,0
PXD016436,Characteristics[Temperature],18,15,3,83.3,5
PXD016436,Characteristics[Time],18,0,18,0.0,0
PXD016436,Characteristics[Treatment],18,0,18,0.0,0
PXD016436,Characteristics[TumorCellularity],18,0,18,0.0,0
PXD016436,Characteristics[TumorGrade],18,0,18,0.0,0
PXD016436,Characteristics[TumorSite],18,0,18,0.0,0
PXD016436,Characteristics[TumorSize],18,0,18,0.0,0
PXD016436,Characteristics[TumorStage],18,0,18,0.0,0
PXD016436,Comment[AcquisitionMethod],18,18,0,100.0,1
PXD016436,Comment[CollisionEnergy],18,0,18,0.0,0
PXD016436,Comment[EnrichmentMethod],18,0,18,0.0,0
PXD016436,Comment[FlowRateChromatogram],18,0,18,0.0,0
PXD016436,Comment[FractionIdentifier],18,0,18,0.0,0
PXD016436,Comment[FractionationMethod],18,0,18,0.0,0
PXD016436,Comment[FragmentMassTolerance],18,18,0,100.0,1
PXD016436,Comment[FragmentationMethod],18,18,0,100.0,1
PXD016436,Comment[GradientTime],18,0,18,0.0,0
PXD016436,Comment[Instrument],18,18,0,100.0,1
PXD016436,Comment[IonizationType],18,0,18,0.0,0
PXD016436,Comment[MS2MassAnalyzer],18,18,0,100.0,1
PXD016436,Comment[NumberOfFractions],18,0,18,0.0,0
PXD016436,Comment[NumberOfMissedCleavages],18,18,0,100.0,1
PXD016436,Comment[PrecursorMassTolerance],18,0,18,0.0,0
PXD016436,Comment[Separation],18,18,0,100.0,1
PXD016436,FactorValue[Bait],18,0,18,0.0,0
PXD016436,FactorValue[CellPart],18,0,18,0.0,0
PXD016436,FactorValue[Compound],18,0,18,0.0,0
PXD016436,FactorValue[ConcentrationOfCompound].1,18,0,18,0.0,0
PXD016436,FactorValue[Disease],18,0,18,0.0,0
PXD016436,FactorValue[FractionIdentifier],18,0,18,0.0,0
PXD016436,FactorValue[GeneticModification],18,0,18,0.0,0
PXD016436,FactorValue[Temperature],18,15,3,83.3,5
PXD016436,FactorValue[Treatment],18,0,18,0.0,0
PXD062877,Characteristics[Age],48,0,48,0.0,0
PXD062877,Characteristics[AlkylationReagent],48,48,0,100.0,1
PXD062877,Characteristics[AnatomicSiteTumor],48,0,48,0.0,0
PXD062877,Characteristics[AncestryCategory],48,0,48,0.0,0
PXD062877,Characteristics[BMI],48,0,48,0.0,0
PXD062877,Characteristics[Bait],48,0,48,0.0,0
PXD062877,Characteristics[BiologicalReplicate],48,0,48,0.0,0
PXD062877,Characteristics[CellLine],48,0,48,0.0,0
PXD062877,Characteristics[CellPart],48,0,48,0.0,0
PXD062877,Characteristics[CellType],48,0,48,0.0,0
PXD062877,Characteristics[CleavageAgent],48,48,0,100.0,1
PXD062877,Characteristics[Compound],48,0,48,0.0,0
PXD062877,Characteristics[ConcentrationOfCompound],48,0,48,0.0,0
PXD062877,Characteristics[Depletion],48,0,48,0.0,0
PXD062877,Characteristics[DevelopmentalStage],48,0,48,0.0,0
PXD062877,Characteristics[DiseaseTreatment],48,0,48,0.0,0
PXD062877,Characteristics[Disease],48,0,48,0.0,0
PXD062877,Characteristics[GeneticModification],48,0,48,0.0,0
PXD062877,Characteristics[Genotype],48,0,48,0.0,0
PXD062877,Characteristics[GrowthRate],48,0,48,0.0,0
PXD062877,Characteristics[Label],48,48,0,100.0,1
PXD062877,Characteristics[MaterialType],48,0,48,0.0,0
PXD062877,Characteristics[Modification],48,48,0,100.0,1
PXD062877,Characteristics[Modification].1,48,48,0,100.0,1
PXD062877,Characteristics[Modification].2,48,0,48,0.0,0
PXD062877,Characteristics[Modification].3,48,0,48,0.0,0
PXD062877,Characteristics[Modification].4,48,0,48,0.0,0
PXD062877,Characteristics[Modification].5,48,0,48,0.0,0
PXD062877,Characteristics[Modification].6,48,0,48,0.0,0
PXD062877,Characteristics[NumberOfBiologicalReplicates],48,0,48,0.0,0
PXD062877,Characteristics[NumberOfSamples],48,48,0,100.0,1
PXD062877,Characteristics[NumberOfTechnicalReplicates],48,48,0,100.0,1
PXD062877,Characteristics[OrganismPart],48,0,48,0.0,0
PXD062877,Characteristics[Organism],48,48,0,100.0,1
PXD062877,Characteristics[OriginSiteDisease],48,0,48,0.0,0
PXD062877,Characteristics[PooledSample],48,0,48,0.0,0
PXD062877,Characteristics[ReductionReagent],48,48,0,100.0,1
PXD062877,Characteristics[SamplingTime],48,0,48,0.0,0
PXD062877,Characteristics[Sex],48,0,48,0.0,0
PXD062877,Characteristics[Specimen],48,0,48,0.0,0
PXD062877,Characteristics[SpikedCompound],48,0,48,0.0,0
PXD062877,Characteristics[Staining],48,0,48,0.0,0
PXD062877,Characteristics[Strain],48,0,48,0.0,0
PXD062877,Characteristics[SyntheticPeptide],48,0,48,0.0,0
PXD062877,Characteristics[Temperature],48,0,48,0.0,0
PXD062877,Characteristics[Time],48,0,48,0.0,0
PXD062877,Characteristics[Treatment],48,0,48,0.0,0
PXD062877,Characteristics[TumorCellularity],48,0,48,0.0,0
PXD062877,Characteristics[TumorGrade],48,0,48,0.0,0
PXD062877,Characteristics[TumorSite],48,0,48,0.0,0
PXD062877,Characteristics[TumorSize],48,0,48,0.0,0
PXD062877,Characteristics[TumorStage],48,0,48,0.0,0
PXD062877,Comment[AcquisitionMethod],48,48,0,100.0,1
PXD062877,Comment[CollisionEnergy],48,0,48,0.0,0
PXD062877,Comment[EnrichmentMethod],48,0,48,0.0,0
PXD062877,Comment[FlowRateChromatogram],48,0,48,0.0,0
PXD062877,Comment[FractionIdentifier],48,0,48,0.0,0
PXD062877,Comment[FractionationMethod],48,0,48,0.0,0
PXD062877,Comment[FragmentMassTolerance],48,48,0,100.0,1
PXD062877,Comment[FragmentationMethod],48,48,0,100.0,1
PXD062877,Comment[GradientTime],48,0,48,0.0,0
PXD062877,Comment[Instrument],48,48,0,100.0,1
PXD062877,Comment[IonizationType],48,0,48,0.0,0
PXD062877,Comment[MS2MassAnalyzer],48,48,0,100.0,1
PXD062877,Comment[NumberOfFractions],48,0,48,0.0,0
PXD062877,Comment[NumberOfMissedCleavages],48,48,0,100.0,1
PXD062877,Comment[PrecursorMassTolerance],48,0,48,0.0,0
PXD062877,Comment[Separation],48,48,0,100.0,1
PXD062877,FactorValue[Bait],48,0,48,0.0,0
PXD062877,FactorValue[CellPart],48,0,48,0.0,0
PXD062877,FactorValue[Compound],48,0,48,0.0,0
PXD062877,FactorValue[ConcentrationOfCompound].1,48,0,48,0.0,0
PXD062877,FactorValue[Disease],48,0,48,0.0,0
PXD062877,FactorValue[FractionIdentifier],48,0,48,0.0,0
PXD062877,FactorValue[GeneticModification],48,0,48,0.0,0
PXD062877,FactorValue[Temperature],48,0,48,0.0,0
PXD062877,FactorValue[Treatment],48,0,48,0.0,0
PXD064564,Characteristics[Age],30,0,30,0.0,0
PXD064564,Characteristics[AlkylationReagent],30,0,30,0.0,0
PXD064564,Characteristics[AnatomicSiteTumor],30,0,30,0.0,0
PXD064564,Characteristics[AncestryCategory],30,0,30,0.0,0
PXD064564,Characteristics[BMI],30,0,30,0.0,0
PXD064564,Characteristics[Bait],30,0,30,0.0,0
PXD064564,Characteristics[BiologicalReplicate],30,0,30,0.0,0
PXD064564,Characteristics[CellLine],30,0,30,0.0,0
PXD064564,Characteristics[CellPart],30,0,30,0.0,0
PXD064564,Characteristics[CellType],30,0,30,0.0,0
PXD064564,Characteristics[CleavageAgent],30,30,0,100.0,1
PXD064564,Characteristics[Compound],30,0,30,0.0,0
PXD064564,Characteristics[ConcentrationOfCompound],30,0,30,0.0,0
PXD064564,Characteristics[Depletion],30,0,30,0.0,0
PXD064564,Characteristics[DevelopmentalStage],30,0,30,0.0,0
PXD064564,Characteristics[DiseaseTreatment],30,0,30,0.0,0
PXD064564,Characteristics[Disease],30,0,30,0.0,0
PXD064564,Characteristics[GeneticModification],30,0,30,0.0,0
PXD064564,Characteristics[Genotype],30,0,30,0.0,0
PXD064564,Characteristics[GrowthRate],30,0,30,0.0,0
PXD064564,Characteristics[Label],30,30,0,100.0,1
PXD064564,Characteristics[MaterialType],30,30,0,100.0,1
PXD064564,Characteristics[Modification],30,30,0,100.0,1
PXD064564,Characteristics[Modification].1,30,30,0,100.0,1
PXD064564,Characteristics[Modification].2,30,0,30,0.0,0
PXD064564,Characteristics[Modification].3,30,0,30,0.0,0
PXD064564,Characteristics[Modification].4,30,0,30,0.0,0
PXD064564,Characteristics[Modification].5,30,0,30,0.0,0
PXD064564,Characteristics[Modification].6,30,0,30,0.0,0
PXD064564,Characteristics[NumberOfBiologicalReplicates],30,0,30,0.0,0
PXD064564,Characteristics[NumberOfSamples],30,30,0,100.0,1
PXD064564,Characteristics[NumberOfTechnicalReplicates],30,30,0,100.0,1
PXD064564,Characteristics[OrganismPart],30,0,30,0.0,0
PXD064564,Characteristics[Organism],30,30,0,100.0,1
PXD064564,Characteristics[OriginSiteDisease],30,0,30,0.0,0
PXD064564,Characteristics[PooledSample],30,0,30,0.0,0
PXD064564,Characteristics[ReductionReagent],30,0,30,0.0,0
PXD064564,Characteristics[SamplingTime],30,0,30,0.0,0
PXD064564,Characteristics[Sex],30,0,30,0.0,0
PXD064564,Characteristics[Specimen],30,0,30,0.0,0
PXD064564,Characteristics[SpikedCompound],30,0,30,0.0,0
PXD064564,Characteristics[Staining],30,0,30,0.0,0
PXD064564,Characteristics[Strain],30,0,30,0.0,0
PXD064564,Characteristics[SyntheticPeptide],30,0,30,0.0,0
PXD064564,Characteristics[Temperature],30,0,30,0.0,0
PXD064564,Characteristics[Time],30,0,30,0.0,0
PXD064564,Characteristics[Treatment],30,0,30,0.0,0
PXD064564,Characteristics[TumorCellularity],30,0,30,0.0,0
PXD064564,Characteristics[TumorGrade],30,0,30,0.0,0
PXD064564,Characteristics[TumorSite],30,0,30,0.0,0
PXD064564,Characteristics[TumorSize],30,0,30,0.0,0
PXD064564,Characteristics[TumorStage],30,0,30,0.0,0
PXD064564,Comment[AcquisitionMethod],30,30,0,100.0,1
PXD064564,Comment[CollisionEnergy],30,0,30,0.0,0
PXD064564,Comment[EnrichmentMethod],30,0,30,0.0,0
PXD064564,Comment[FlowRateChromatogram],30,0,30,0.0,0
PXD064564,Comment[FractionIdentifier],30,0,30,0.0,0
PXD064564,Comment[FractionationMethod],30,0,30,0.0,0
PXD064564,Comment[FragmentMassTolerance],30,0,30,0.0,0
PXD064564,Comment[FragmentationMethod],30,30,0,100.0,1
PXD064564,Comment[GradientTime],30,0,30,0.0,0
PXD064564,Comment[Instrument],30,30,0,100.0,1
PXD064564,Comment[IonizationType],30,0,30,0.0,0
PXD064564,Comment[MS2MassAnalyzer],30,30,0,100.0,1
PXD064564,Comment[NumberOfFractions],30,0,30,0.0,0
PXD064564,Comment[NumberOfMissedCleavages],30,30,0,100.0,1
PXD064564,Comment[PrecursorMassTolerance],30,0,30,0.0,0
PXD064564,Comment[Separation],30,0,30,0.0,0
PXD064564,FactorValue[Bait],30,0,30,0.0,0
PXD064564,FactorValue[CellPart],30,0,30,0.0,0
PXD064564,FactorValue[Compound],30,0,30,0.0,0
PXD064564,FactorValue[ConcentrationOfCompound].1,30,0,30,0.0,0
PXD064564,FactorValue[Disease],30,0,30,0.0,0
PXD064564,FactorValue[FractionIdentifier],30,0,30,0.0,0
PXD064564,FactorValue[GeneticModification],30,0,30,0.0,0
PXD064564,FactorValue[Temperature],30,0,30,0.0,0
PXD064564,FactorValue[Treatment],30,0,30,0.0,0
PXD062469,Characteristics[Age],32,0,32,0.0,0
PXD062469,Characteristics[AlkylationReagent],32,32,0,100.0,1
PXD062469,Characteristics[AnatomicSiteTumor],32,0,32,0.0,0
PXD062469,Characteristics[AncestryCategory],32,0,32,0.0,0
PXD062469,Characteristics[BMI],32,0,32,0.0,0
PXD062469,Characteristics[Bait],32,0,32,0.0,0
PXD062469,Characteristics[BiologicalReplicate],32,0,32,0.0,0
PXD062469,Characteristics[CellLine],32,0,32,0.0,0
PXD062469,Characteristics[CellPart],32,0,32,0.0,0
PXD062469,Characteristics[CellType],32,0,32,0.0,0
PXD062469,Characteristics[CleavageAgent],32,32,0,100.0,1
PXD062469,Characteristics[Compound],32,16,16,50.0,1
PXD062469,Characteristics[ConcentrationOfCompound],32,0,32,0.0,0
PXD062469,Characteristics[Depletion],32,0,32,0.0,0
PXD062469,Characteristics[DevelopmentalStage],32,0,32,0.0,0
PXD062469,Characteristics[DiseaseTreatment],32,0,32,0.0,0
PXD062469,Characteristics[Disease],32,0,32,0.0,0
PXD062469,Characteristics[GeneticModification],32,0,32,0.0,0
PXD062469,Characteristics[Genotype],32,0,32,0.0,0
PXD062469,Characteristics[GrowthRate],32,0,32,0.0,0
PXD062469,Characteristics[Label],32,32,0,100.0,1
PXD062469,Characteristics[MaterialType],32,0,32,0.0,0
PXD062469,Characteristics[Modification],32,32,0,100.0,1
PXD062469,Characteristics[Modification].1,32,32,0,100.0,1
PXD062469,Characteristics[Modification].2,32,0,32,0.0,0
PXD062469,Characteristics[Modification].3,32,0,32,0.0,0
PXD062469,Characteristics[Modification].4,32,0,32,0.0,0
PXD062469,Characteristics[Modification].5,32,0,32,0.0,0
PXD062469,Characteristics[Modification].6,32,0,32,0.0,0
PXD062469,Characteristics[NumberOfBiologicalReplicates],32,32,0,100.0,1
PXD062469,Characteristics[NumberOfSamples],32,32,0,100.0,1
PXD062469,Characteristics[NumberOfTechnicalReplicates],32,32,0,100.0,1
PXD062469,Characteristics[OrganismPart],32,0,32,0.0,0
PXD062469,Characteristics[Organism],32,32,0,100.0,1
PXD062469,Characteristics[OriginSiteDisease],32,0,32,0.0,0
PXD062469,Characteristics[PooledSample],32,0,32,0.0,0
PXD062469,Characteristics[ReductionReagent],32,32,0,100.0,1
PXD062469,Characteristics[SamplingTime],32,0,32,0.0,0
PXD062469,Characteristics[Sex],32,0,32,0.0,0
PXD062469,Characteristics[Specimen],32,0,32,0.0,0
PXD062469,Characteristics[SpikedCompound],32,0,32,0.0,0
PXD062469,Characteristics[Staining],32,0,32,0.0,0
PXD062469,Characteristics[Strain],32,0,32,0.0,0
PXD062469,Characteristics[SyntheticPeptide],32,0,32,0.0,0
PXD062469,Characteristics[Temperature],32,0,32,0.0,0
PXD062469,Characteristics[Time],32,0,32,0.0,0
PXD062469,Characteristics[Treatment],32,16,16,50.0,1
PXD062469,Characteristics[TumorCellularity],32,0,32,0.0,0
PXD062469,Characteristics[TumorGrade],32,0,32,0.0,0
PXD062469,Characteristics[TumorSite],32,0,32,0.0,0
PXD062469,Characteristics[TumorSize],32,0,32,0.0,0
PXD062469,Characteristics[TumorStage],32,0,32,0.0,0
PXD062469,Comment[AcquisitionMethod],32,32,0,100.0,1
PXD062469,Comment[CollisionEnergy],32,0,32,0.0,0
PXD062469,Comment[EnrichmentMethod],32,0,32,0.0,0
PXD062469,Comment[FlowRateChromatogram],32,0,32,0.0,0
PXD062469,Comment[FractionIdentifier],32,0,32,0.0,0
PXD062469,Comment[FractionationMethod],32,0,32,0.0,0
PXD062469,Comment[FragmentMassTolerance],32,0,32,0.0,0
PXD062469,Comment[FragmentationMethod],32,32,0,100.0,1
PXD062469,Comment[GradientTime],32,0,32,0.0,0
PXD062469,Comment[Instrument],32,32,0,100.0,1
PXD062469,Comment[IonizationType],32,0,32,0.0,0
PXD062469,Comment[MS2MassAnalyzer],32,0,32,0.0,0
PXD062469,Comment[NumberOfFractions],32,0,32,0.0,0
PXD062469,Comment[NumberOfMissedCleavages],32,32,0,100.0,1
PXD062469,Comment[PrecursorMassTolerance],32,0,32,0.0,0
PXD062469,Comment[Separation],32,32,0,100.0,1
PXD062469,FactorValue[Bait],32,0,32,0.0,0
PXD062469,FactorValue[CellPart],32,0,32,0.0,0
PXD062469,FactorValue[Compound],32,16,16,50.0,1
PXD062469,FactorValue[ConcentrationOfCompound].1,32,0,32,0.0,0
PXD062469,FactorValue[Disease],32,0,32,0.0,0
PXD062469,FactorValue[FractionIdentifier],32,0,32,0.0,0
PXD062469,FactorValue[GeneticModification],32,0,32,0.0,0
PXD062469,FactorValue[Temperature],32,0,32,0.0,0
PXD062469,FactorValue[Treatment],32,16,16,50.0,1
PXD061009,Characteristics[Age],2,0,2,0.0,0
PXD061009,Characteristics[AlkylationReagent],2,0,2,0.0,0
PXD061009,Characteristics[AnatomicSiteTumor],2,0,2,0.0,0
PXD061009,Characteristics[AncestryCategory],2,0,2,0.0,0
PXD061009,Characteristics[BMI],2,0,2,0.0,0
PXD061009,Characteristics[Bait],2,1,1,50.0,1
PXD061009,Characteristics[BiologicalReplicate],2,0,2,0.0,0
PXD061009,Characteristics[CellLine],2,0,2,0.0,0
PXD061009,Characteristics[CellPart],2,0,2,0.0,0
PXD061009,Characteristics[CellType],2,0,2,0.0,0
PXD061009,Characteristics[CleavageAgent],2,2,0,100.0,1
PXD061009,Characteristics[Compound],2,0,2,0.0,0
PXD061009,Characteristics[ConcentrationOfCompound],2,0,2,0.0,0
PXD061009,Characteristics[Depletion],2,0,2,0.0,0
PXD061009,Characteristics[DevelopmentalStage],2,0,2,0.0,0
PXD061009,Characteristics[DiseaseTreatment],2,0,2,0.0,0
PXD061009,Characteristics[Disease],2,0,2,0.0,0
PXD061009,Characteristics[GeneticModification],2,0,2,0.0,0
PXD061009,Characteristics[Genotype],2,0,2,0.0,0
PXD061009,Characteristics[GrowthRate],2,0,2,0.0,0
PXD061009,Characteristics[Label],2,2,0,100.0,1
PXD061009,Characteristics[MaterialType],2,0,2,0.0,0
PXD061009,Characteristics[Modification],2,2,0,100.0,1
PXD061009,Characteristics[Modification].1,2,2,0,100.0,1
PXD061009,Characteristics[Modification].2,2,2,0,100.0,1
PXD061009,Characteristics[Modification].3,2,0,2,0.0,0
PXD061009,Characteristics[Modification].4,2,0,2,0.0,0
PXD061009,Characteristics[Modification].5,2,0,2,0.0,0
PXD061009,Characteristics[Modification].6,2,0,2,0.0,0
PXD061009,Characteristics[NumberOfBiologicalReplicates],2,0,2,0.0,0
PXD061009,Characteristics[NumberOfSamples],2,2,0,100.0,1
PXD061009,Characteristics[NumberOfTechnicalReplicates],2,2,0,100.0,1
PXD061009,Characteristics[OrganismPart],2,0,2,0.0,0
PXD061009,Characteristics[Organism],2,2,0,100.0,1
PXD061009,Characteristics[OriginSiteDisease],2,0,2,0.0,0
PXD061009,Characteristics[PooledSample],2,0,2,0.0,0
PXD061009,Characteristics[ReductionReagent],2,2,0,100.0,1
PXD061009,Characteristics[SamplingTime],2,0,2,0.0,0
PXD061009,Characteristics[Sex],2,0,2,0.0,0
PXD061009,Characteristics[Specimen],2,2,0,100.0,1
PXD061009,Characteristics[SpikedCompound],2,0,2,0.0,0
PXD061009,Characteristics[Staining],2,0,2,0.0,0
PXD061009,Characteristics[Strain],2,0,2,0.0,0
PXD061009,Characteristics[SyntheticPeptide],2,0,2,0.0,0
PXD061009,Characteristics[Temperature],2,0,2,0.0,0
PXD061009,Characteristics[Time],2,0,2,0.0,0
PXD061009,Characteristics[Treatment],2,0,2,0.0,0
PXD061009,Characteristics[TumorCellularity],2,0,2,0.0,0
PXD061009,Characteristics[TumorGrade],2,0,2,0.0,0
PXD061009,Characteristics[TumorSite],2,0,2,0.0,0
PXD061009,Characteristics[TumorSize],2,0,2,0.0,0
PXD061009,Characteristics[TumorStage],2,0,2,0.0,0
PXD061009,Comment[AcquisitionMethod],2,2,0,100.0,1
PXD061009,Comment[CollisionEnergy],2,0,2,0.0,0
PXD061009,Comment[EnrichmentMethod],2,0,2,0.0,0
PXD061009,Comment[FlowRateChromatogram],2,0,2,0.0,0
PXD061009,Comment[FractionIdentifier],2,0,2,0.0,0
PXD061009,Comment[FractionationMethod],2,0,2,0.0,0
PXD061009,Comment[FragmentMassTolerance],2,2,0,100.0,1
PXD061009,Comment[FragmentationMethod],2,2,0,100.0,1
PXD061009,Comment[GradientTime],2,0,2,0.0,0
PXD061009,Comment[Instrument],2,2,0,100.0,1
PXD061009,Comment[IonizationType],2,0,2,0.0,0
PXD061009,Comment[MS2MassAnalyzer],2,2,0,100.0,1
PXD061009,Comment[NumberOfFractions],2,0,2,0.0,0
PXD061009,Comment[NumberOfMissedCleavages],2,2,0,100.0,1
PXD061009,Comment[PrecursorMassTolerance],2,0,2,0.0,0
PXD061009,Comment[Separation],2,0,2,0.0,0
PXD061009,FactorValue[Bait],2,1,1,50.0,1
PXD061009,FactorValue[CellPart],2,0,2,0.0,0
PXD061009,FactorValue[Compound],2,0,2,0.0,0
PXD061009,FactorValue[ConcentrationOfCompound].1,2,0,2,0.0,0
PXD061009,FactorValue[Disease],2,0,2,0.0,0
PXD061009,FactorValue[FractionIdentifier],2,0,2,0.0,0
PXD061009,FactorValue[GeneticModification],2,0,2,0.0,0
PXD061009,FactorValue[Temperature],2,0,2,0.0,0
PXD061009,FactorValue[Treatment],2,0,2,0.0,0
PXD061195,Characteristics[Age],1376,0,1376,0.0,0
PXD061195,Characteristics[AlkylationReagent],1376,1376,0,100.0,1
PXD061195,Characteristics[AnatomicSiteTumor],1376,0,1376,0.0,0
PXD061195,Characteristics[AncestryCategory],1376,0,1376,0.0,0
PXD061195,Characteristics[BMI],1376,0,1376,0.0,0
PXD061195,Characteristics[Bait],1376,0,1376,0.0,0
PXD061195,Characteristics[BiologicalReplicate],1376,0,1376,0.0,0
PXD061195,Characteristics[CellLine],1376,0,1376,0.0,0
PXD061195,Characteristics[CellPart],1376,0,1376,0.0,0
PXD061195,Characteristics[CellType],1376,0,1376,0.0,0
PXD061195,Characteristics[CleavageAgent],1376,1376,0,100.0,1
PXD061195,Characteristics[Compound],1376,0,1376,0.0,0
PXD061195,Characteristics[ConcentrationOfCompound],1376,0,1376,0.0,0
PXD061195,Characteristics[Depletion],1376,0,1376,0.0,0
PXD061195,Characteristics[DevelopmentalStage],1376,0,1376,0.0,0
PXD061195,Characteristics[DiseaseTreatment],1376,0,1376,0.0,0
PXD061195,Characteristics[Disease],1376,0,1376,0.0,0
PXD061195,Characteristics[GeneticModification],1376,0,1376,0.0,0
PXD061195,Characteristics[Genotype],1376,0,1376,0.0,0
PXD061195,Characteristics[GrowthRate],1376,0,1376,0.0,0
PXD061195,Characteristics[Label],1376,1376,0,100.0,16
PXD061195,Characteristics[MaterialType],1376,1376,0,100.0,1
PXD061195,Characteristics[Modification],1376,1376,0,100.0,1
PXD061195,Characteristics[Modification].1,1376,1376,0,100.0,1
PXD061195,Characteristics[Modification].2,1376,1376,0,100.0,1
PXD061195,Characteristics[Modification].3,1376,0,1376,0.0,0
PXD061195,Characteristics[Modification].4,1376,0,1376,0.0,0
PXD061195,Characteristics[Modification].5,1376,0,1376,0.0,0
PXD061195,Characteristics[Modification].6,1376,0,1376,0.0,0
PXD061195,Characteristics[NumberOfBiologicalReplicates],1376,0,1376,0.0,0
PXD061195,Characteristics[NumberOfSamples],1376,1376,0,100.0,1
PXD061195,Characteristics[NumberOfTechnicalReplicates],1376,1376,0,100.0,1
PXD061195,Characteristics[OrganismPart],1376,0,1376,0.0,0
PXD061195,Characteristics[Organism],1376,1376,0,100.0,1
PXD061195,Characteristics[OriginSiteDisease],1376,0,1376,0.0,0
PXD061195,Characteristics[PooledSample],1376,0,1376,0.0,0
PXD061195,Characteristics[ReductionReagent],1376,1376,0,100.0,1
PXD061195,Characteristics[SamplingTime],1376,0,1376,0.0,0
PXD061195,Characteristics[Sex],1376,0,1376,0.0,0
PXD061195,Characteristics[Specimen],1376,0,1376,0.0,0
PXD061195,Characteristics[SpikedCompound],1376,0,1376,0.0,0
PXD061195,Characteristics[Staining],1376,0,1376,0.0,0
PXD061195,Characteristics[Strain],1376,0,1376,0.0,0
PXD061195,Characteristics[SyntheticPeptide],1376,0,1376,0.0,0
PXD061195,Characteristics[Temperature],1376,1216,160,88.4,11
PXD061195,Characteristics[Time],1376,0,1376,0.0,0
PXD061195,Characteristics[Treatment],1376,0,1376,0.0,0
PXD061195,Characteristics[TumorCellularity],1376,0,1376,0.0,0
PXD061195,Characteristics[TumorGrade],1376,0,1376,0.0,0
PXD061195,Characteristics[TumorSite],1376,0,1376,0.0,0
PXD061195,Characteristics[TumorSize],1376,0,1376,0.0,0
PXD061195,Characteristics[TumorStage],1376,0,1376,0.0,0
PXD061195,Comment[AcquisitionMethod],1376,1376,0,100.0,1
PXD061195,Comment[CollisionEnergy],1376,0,1376,0.0,0
PXD061195,Comment[EnrichmentMethod],1376,0,1376,0.0,0
PXD061195,Comment[FlowRateChromatogram],1376,0,1376,0.0,0
PXD061195,Comment[FractionIdentifier],1376,0,1376,0.0,0
PXD061195,Comment[FractionationMethod],1376,1376,0,100.0,1
PXD061195,Comment[FragmentMassTolerance],1376,1376,0,100.0,1
PXD061195,Comment[FragmentationMethod],1376,1376,0,100.0,1
PXD061195,Comment[GradientTime],1376,1376,0,100.0,1
PXD061195,Comment[Instrument],1376,1376,0,100.0,1
PXD061195,Comment[IonizationType],1376,0,1376,0.0,0
PXD061195,Comment[MS2MassAnalyzer],1376,0,1376,0.0,0
PXD061195,Comment[NumberOfFractions],1376,0,1376,0.0,0
PXD061195,Comment[NumberOfMissedCleavages],1376,1376,0,100.0,1
PXD061195,Comment[PrecursorMassTolerance],1376,1376,0,100.0,1
PXD061195,Comment[Separation],1376,1376,0,100.0,1
PXD061195,FactorValue[Bait],1376,0,1376,0.0,0
PXD061195,FactorValue[CellPart],1376,0,1376,0.0,0
PXD061195,FactorValue[Compound],1376,0,1376,0.0,0
PXD061195,FactorValue[ConcentrationOfCompound].1,1376,0,1376,0.0,0
PXD061195,FactorValue[Disease],1376,0,1376,0.0,0
PXD061195,FactorValue[FractionIdentifier],1376,0,1376,0.0,0
PXD061195,FactorValue[GeneticModification],1376,0,1376,0.0,0
PXD061195,FactorValue[Temperature],1376,1216,160,88.4,11
PXD061195,FactorValue[Treatment],1376,0,1376,0.0,0
PXD061090,Characteristics[Age],6,0,6,0.0,0
PXD061090,Characteristics[AlkylationReagent],6,0,6,0.0,0
PXD061090,Characteristics[AnatomicSiteTumor],6,0,6,0.0,0
PXD061090,Characteristics[AncestryCategory],6,0,6,0.0,0
PXD061090,Characteristics[BMI],6,0,6,0.0,0
PXD061090,Characteristics[Bait],6,3,3,50.0,3
PXD061090,Characteristics[BiologicalReplicate],6,0,6,0.0,0
PXD061090,Characteristics[CellLine],6,0,6,0.0,0
PXD061090,Characteristics[CellPart],6,0,6,0.0,0
PXD061090,Characteristics[CellType],6,0,6,0.0,0
PXD061090,Characteristics[CleavageAgent],6,6,0,100.0,1
PXD061090,Characteristics[Compound],6,0,6,0.0,0
PXD061090,Characteristics[ConcentrationOfCompound],6,0,6,0.0,0
PXD061090,Characteristics[Depletion],6,0,6,0.0,0
PXD061090,Characteristics[DevelopmentalStage],6,0,6,0.0,0
PXD061090,Characteristics[DiseaseTreatment],6,0,6,0.0,0
PXD061090,Characteristics[Disease],6,0,6,0.0,0
PXD061090,Characteristics[GeneticModification],6,0,6,0.0,0
PXD061090,Characteristics[Genotype],6,0,6,0.0,0
PXD061090,Characteristics[GrowthRate],6,0,6,0.0,0
PXD061090,Characteristics[Label],6,6,0,100.0,1
PXD061090,Characteristics[MaterialType],6,0,6,0.0,0
PXD061090,Characteristics[Modification],6,6,0,100.0,1
PXD061090,Characteristics[Modification].1,6,6,0,100.0,1
PXD061090,Characteristics[Modification].2,6,0,6,0.0,0
PXD061090,Characteristics[Modification].3,6,0,6,0.0,0
PXD061090,Characteristics[Modification].4,6,0,6,0.0,0
PXD061090,Characteristics[Modification].5,6,0,6,0.0,0
PXD061090,Characteristics[Modification].6,6,0,6,0.0,0
PXD061090,Characteristics[NumberOfBiologicalReplicates],6,0,6,0.0,0
PXD061090,Characteristics[NumberOfSamples],6,6,0,100.0,1
PXD061090,Characteristics[NumberOfTechnicalReplicates],6,6,0,100.0,1
PXD061090,Characteristics[OrganismPart],6,0,6,0.0,0
PXD061090,Characteristics[Organism],6,6,0,100.0,1
PXD061090,Characteristics[OriginSiteDisease],6,0,6,0.0,0
PXD061090,Characteristics[PooledSample],6,0,6,0.0,0
PXD061090,Characteristics[ReductionReagent],6,0,6,0.0,0
PXD061090,Characteristics[SamplingTime],6,0,6,0.0,0
PXD061090,Characteristics[Sex],6,0,6,0.0,0
PXD061090,Characteristics[Specimen],6,0,6,0.0,0
PXD061090,Characteristics[SpikedCompound],6,0,6,0.0,0
PXD061090,Characteristics[Staining],6,0,6,0.0,0
PXD061090,Characteristics[Strain],6,0,6,0.0,0
PXD061090,Characteristics[SyntheticPeptide],6,0,6,0.0,0
PXD061090,Characteristics[Temperature],6,0,6,0.0,0
PXD061090,Characteristics[Time],6,0,6,0.0,0
PXD061090,Characteristics[Treatment],6,0,6,0.0,0
PXD061090,Characteristics[TumorCellularity],6,0,6,0.0,0
PXD061090,Characteristics[TumorGrade],6,0,6,0.0,0
PXD061090,Characteristics[TumorSite],6,0,6,0.0,0
PXD061090,Characteristics[TumorSize],6,0,6,0.0,0
PXD061090,Characteristics[TumorStage],6,0,6,0.0,0
PXD061090,Comment[AcquisitionMethod],6,6,0,100.0,1
PXD061090,Comment[CollisionEnergy],6,0,6,0.0,0
PXD061090,Comment[EnrichmentMethod],6,0,6,0.0,0
PXD061090,Comment[FlowRateChromatogram],6,0,6,0.0,0
PXD061090,Comment[FractionIdentifier],6,0,6,0.0,0
PXD061090,Comment[FractionationMethod],6,0,6,0.0,0
PXD061090,Comment[FragmentMassTolerance],6,0,6,0.0,0
PXD061090,Comment[FragmentationMethod],6,6,0,100.0,1
PXD061090,Comment[GradientTime],6,0,6,0.0,0
PXD061090,Comment[Instrument],6,6,0,100.0,1
PXD061090,Comment[IonizationType],6,0,6,0.0,0
PXD061090,Comment[MS2MassAnalyzer],6,0,6,0.0,0
PXD061090,Comment[NumberOfFractions],6,0,6,0.0,0
PXD061090,Comment[NumberOfMissedCleavages],6,6,0,100.0,1
PXD061090,Comment[PrecursorMassTolerance],6,0,6,0.0,0
PXD061090,Comment[Separation],6,0,6,0.0,0
PXD061090,FactorValue[Bait],6,3,3,50.0,3
PXD061090,FactorValue[CellPart],6,0,6,0.0,0
PXD061090,FactorValue[Compound],6,0,6,0.0,0
PXD061090,FactorValue[ConcentrationOfCompound].1,6,0,6,0.0,0
PXD061090,FactorValue[Disease],6,0,6,0.0,0
PXD061090,FactorValue[FractionIdentifier],6,0,6,0.0,0
PXD061090,FactorValue[GeneticModification],6,0,6,0.0,0
PXD061090,FactorValue[Temperature],6,0,6,0.0,0
PXD061090,FactorValue[Treatment],6,0,6,0.0,0
PXD040582,Characteristics[Age],24,0,24,0.0,0
PXD040582,Characteristics[AlkylationReagent],24,24,0,100.0,1
PXD040582,Characteristics[AnatomicSiteTumor],24,0,24,0.0,0
PXD040582,Characteristics[AncestryCategory],24,0,24,0.0,0
PXD040582,Characteristics[BMI],24,0,24,0.0,0
PXD040582,Characteristics[Bait],24,0,24,0.0,0
PXD040582,Characteristics[BiologicalReplicate],24,0,24,0.0,0
PXD040582,Characteristics[CellLine],24,0,24,0.0,0
PXD040582,Characteristics[CellPart],24,0,24,0.0,0
PXD040582,Characteristics[CellType],24,0,24,0.0,0
PXD040582,Characteristics[CleavageAgent],24,24,0,100.0,1
PXD040582,Characteristics[Compound],24,12,12,50.0,1
PXD040582,Characteristics[ConcentrationOfCompound],24,0,24,0.0,0
PXD040582,Characteristics[Depletion],24,0,24,0.0,0
PXD040582,Characteristics[DevelopmentalStage],24,0,24,0.0,0
PXD040582,Characteristics[DiseaseTreatment],24,0,24,0.0,0
PXD040582,Characteristics[Disease],24,0,24,0.0,0
PXD040582,Characteristics[GeneticModification],24,0,24,0.0,0
PXD040582,Characteristics[Genotype],24,0,24,0.0,0
PXD040582,Characteristics[GrowthRate],24,0,24,0.0,0
PXD040582,Characteristics[Label],24,24,0,100.0,1
PXD040582,Characteristics[MaterialType],24,24,0,100.0,1
PXD040582,Characteristics[Modification],24,24,0,100.0,1
PXD040582,Characteristics[Modification].1,24,24,0,100.0,1
PXD040582,Characteristics[Modification].2,24,24,0,100.0,1
PXD040582,Characteristics[Modification].3,24,0,24,0.0,0
PXD040582,Characteristics[Modification].4,24,0,24,0.0,0
PXD040582,Characteristics[Modification].5,24,0,24,0.0,0
PXD040582,Characteristics[Modification].6,24,0,24,0.0,0
PXD040582,Characteristics[NumberOfBiologicalReplicates],24,24,0,100.0,1
PXD040582,Characteristics[NumberOfSamples],24,24,0,100.0,1
PXD040582,Characteristics[NumberOfTechnicalReplicates],24,24,0,100.0,1
PXD040582,Characteristics[OrganismPart],24,0,24,0.0,0
PXD040582,Characteristics[Organism],24,24,0,100.0,1
PXD040582,Characteristics[OriginSiteDisease],24,0,24,0.0,0
PXD040582,Characteristics[PooledSample],24,0,24,0.0,0
PXD040582,Characteristics[ReductionReagent],24,24,0,100.0,1
PXD040582,Characteristics[SamplingTime],24,0,24,0.0,0
PXD040582,Characteristics[Sex],24,0,24,0.0,0
PXD040582,Characteristics[Specimen],24,0,24,0.0,0
PXD040582,Characteristics[SpikedCompound],24,0,24,0.0,0
PXD040582,Characteristics[Staining],24,0,24,0.0,0
PXD040582,Characteristics[Strain],24,0,24,0.0,0
PXD040582,Characteristics[SyntheticPeptide],24,0,24,0.0,0
PXD040582,Characteristics[Temperature],24,0,24,0.0,0
PXD040582,Characteristics[Time],24,0,24,0.0,0
PXD040582,Characteristics[Treatment],24,15,9,62.5,2
PXD040582,Characteristics[TumorCellularity],24,0,24,0.0,0
PXD040582,Characteristics[TumorGrade],24,0,24,0.0,0
PXD040582,Characteristics[TumorSite],24,0,24,0.0,0
PXD040582,Characteristics[TumorSize],24,0,24,0.0,0
PXD040582,Characteristics[TumorStage],24,0,24,0.0,0
PXD040582,Comment[AcquisitionMethod],24,24,0,100.0,1
PXD040582,Comment[CollisionEnergy],24,0,24,0.0,0
PXD040582,Comment[EnrichmentMethod],24,0,24,0.0,0
PXD040582,Comment[FlowRateChromatogram],24,0,24,0.0,0
PXD040582,Comment[FractionIdentifier],24,0,24,0.0,0
PXD040582,Comment[FractionationMethod],24,0,24,0.0,0
PXD040582,Comment[FragmentMassTolerance],24,0,24,0.0,0
PXD040582,Comment[FragmentationMethod],24,24,0,100.0,1
PXD040582,Comment[GradientTime],24,24,0,100.0,1
PXD040582,Comment[Instrument],24,24,0,100.0,1
PXD040582,Comment[IonizationType],24,0,24,0.0,0
PXD040582,Comment[MS2MassAnalyzer],24,24,0,100.0,1
PXD040582,Comment[NumberOfFractions],24,0,24,0.0,0
PXD040582,Comment[NumberOfMissedCleavages],24,24,0,100.0,1
PXD040582,Comment[PrecursorMassTolerance],24,0,24,0.0,0
PXD040582,Comment[Separation],24,24,0,100.0,1
PXD040582,FactorValue[Bait],24,0,24,0.0,0
PXD040582,FactorValue[CellPart],24,0,24,0.0,0
PXD040582,FactorValue[Compound],24,12,12,50.0,1
PXD040582,FactorValue[ConcentrationOfCompound].1,24,0,24,0.0,0
PXD040582,FactorValue[Disease],24,0,24,0.0,0
PXD040582,FactorValue[FractionIdentifier],24,0,24,0.0,0
PXD040582,FactorValue[GeneticModification],24,0,24,0.0,0
PXD040582,FactorValue[Temperature],24,0,24,0.0,0
PXD040582,FactorValue[Treatment],24,15,9,62.5,2
PXD025663,Characteristics[Age],12,0,12,0.0,0
PXD025663,Characteristics[AlkylationReagent],12,12,0,100.0,1
PXD025663,Characteristics[AnatomicSiteTumor],12,0,12,0.0,0
PXD025663,Characteristics[AncestryCategory],12,0,12,0.0,0
PXD025663,Characteristics[BMI],12,0,12,0.0,0
PXD025663,Characteristics[Bait],12,0,12,0.0,0
PXD025663,Characteristics[BiologicalReplicate],12,0,12,0.0,0
PXD025663,Characteristics[CellLine],12,0,12,0.0,0
PXD025663,Characteristics[CellPart],12,0,12,0.0,0
PXD025663,Characteristics[CellType],12,0,12,0.0,0
PXD025663,Characteristics[CleavageAgent],12,12,0,100.0,1
PXD025663,Characteristics[Compound],12,0,12,0.0,0
PXD025663,Characteristics[ConcentrationOfCompound],12,0,12,0.0,0
PXD025663,Characteristics[Depletion],12,0,12,0.0,0
PXD025663,Characteristics[DevelopmentalStage],12,0,12,0.0,0
PXD025663,Characteristics[DiseaseTreatment],12,0,12,0.0,0
PXD025663,Characteristics[Disease],12,0,12,0.0,0
PXD025663,Characteristics[GeneticModification],12,0,12,0.0,0
PXD025663,Characteristics[Genotype],12,0,12,0.0,0
PXD025663,Characteristics[GrowthRate],12,0,12,0.0,0
PXD025663,Characteristics[Label],12,12,0,100.0,1
PXD025663,Characteristics[MaterialType],12,0,12,0.0,0
PXD025663,Characteristics[Modification],12,12,0,100.0,1
PXD025663,Characteristics[Modification].1,12,12,0,100.0,1
PXD025663,Characteristics[Modification].2,12,0,12,0.0,0
PXD025663,Characteristics[Modification].3,12,0,12,0.0,0
PXD025663,Characteristics[Modification].4,12,0,12,0.0,0
PXD025663,Characteristics[Modification].5,12,0,12,0.0,0
PXD025663,Characteristics[Modification].6,12,0,12,0.0,0
PXD025663,Characteristics[NumberOfBiologicalReplicates],12,0,12,0.0,0
PXD025663,Characteristics[NumberOfSamples],12,12,0,100.0,1
PXD025663,Characteristics[NumberOfTechnicalReplicates],12,12,0,100.0,1
PXD025663,Characteristics[OrganismPart],12,0,12,0.0,0
PXD025663,Characteristics[Organism],12,12,0,100.0,1
PXD025663,Characteristics[OriginSiteDisease],12,0,12,0.0,0
PXD025663,Characteristics[PooledSample],12,0,12,0.0,0
PXD025663,Characteristics[ReductionReagent],12,12,0,100.0,1
PXD025663,Characteristics[SamplingTime],12,0,12,0.0,0
PXD025663,Characteristics[Sex],12,0,12,0.0,0
PXD025663,Characteristics[Specimen],12,0,12,0.0,0
PXD025663,Characteristics[SpikedCompound],12,0,12,0.0,0
PXD025663,Characteristics[Staining],12,0,12,0.0,0
PXD025663,Characteristics[Strain],12,0,12,0.0,0
PXD025663,Characteristics[SyntheticPeptide],12,0,12,0.0,0
PXD025663,Characteristics[Temperature],12,0,12,0.0,0
PXD025663,Characteristics[Time],12,0,12,0.0,0
PXD025663,Characteristics[Treatment],12,0,12,0.0,0
PXD025663,Characteristics[TumorCellularity],12,0,12,0.0,0
PXD025663,Characteristics[TumorGrade],12,0,12,0.0,0
PXD025663,Characteristics[TumorSite],12,0,12,0.0,0
PXD025663,Characteristics[TumorSize],12,0,12,0.0,0
PXD025663,Characteristics[TumorStage],12,0,12,0.0,0
PXD025663,Comment[AcquisitionMethod],12,12,0,100.0,1
PXD025663,Comment[CollisionEnergy],12,0,12,0.0,0
PXD025663,Comment[EnrichmentMethod],12,0,12,0.0,0
PXD025663,Comment[FlowRateChromatogram],12,0,12,0.0,0
PXD025663,Comment[FractionIdentifier],12,0,12,0.0,0
PXD025663,Comment[FractionationMethod],12,0,12,0.0,0
PXD025663,Comment[FragmentMassTolerance],12,0,12,0.0,0
PXD025663,Comment[FragmentationMethod],12,12,0,100.0,1
PXD025663,Comment[GradientTime],12,0,12,0.0,0
PXD025663,Comment[Instrument],12,12,0,100.0,1
PXD025663,Comment[IonizationType],12,0,12,0.0,0
PXD025663,Comment[MS2MassAnalyzer],12,12,0,100.0,1
PXD025663,Comment[NumberOfFractions],12,0,12,0.0,0
PXD025663,Comment[NumberOfMissedCleavages],12,12,0,100.0,1
PXD025663,Comment[PrecursorMassTolerance],12,0,12,0.0,0
PXD025663,Comment[Separation],12,12,0,100.0,1
PXD025663,FactorValue[Bait],12,0,12,0.0,0
PXD025663,FactorValue[CellPart],12,0,12,0.0,0
PXD025663,FactorValue[Compound],12,0,12,0.0,0
PXD025663,FactorValue[ConcentrationOfCompound].1,12,0,12,0.0,0
PXD025663,FactorValue[Disease],12,0,12,0.0,0
PXD025663,FactorValue[FractionIdentifier],12,0,12,0.0,0
PXD025663,FactorValue[GeneticModification],12,0,12,0.0,0
PXD025663,FactorValue[Temperature],12,0,12,0.0,0
PXD025663,FactorValue[Treatment],12,0,12,0.0,0
PXD019519,Characteristics[Age],6,0,6,0.0,0
PXD019519,Characteristics[AlkylationReagent],6,6,0,100.0,1
PXD019519,Characteristics[AnatomicSiteTumor],6,0,6,0.0,0
PXD019519,Characteristics[AncestryCategory],6,0,6,0.0,0
PXD019519,Characteristics[BMI],6,0,6,0.0,0
PXD019519,Characteristics[Bait],6,0,6,0.0,0
PXD019519,Characteristics[BiologicalReplicate],6,0,6,0.0,0
PXD019519,Characteristics[CellLine],6,0,6,0.0,0
PXD019519,Characteristics[CellPart],6,0,6,0.0,0
PXD019519,Characteristics[CellType],6,0,6,0.0,0
PXD019519,Characteristics[CleavageAgent],6,6,0,100.0,1
PXD019519,Characteristics[Compound],6,3,3,50.0,1
PXD019519,Characteristics[ConcentrationOfCompound],6,0,6,0.0,0
PXD019519,Characteristics[Depletion],6,0,6,0.0,0
PXD019519,Characteristics[DevelopmentalStage],6,0,6,0.0,0
PXD019519,Characteristics[DiseaseTreatment],6,0,6,0.0,0
PXD019519,Characteristics[Disease],6,0,6,0.0,0
PXD019519,Characteristics[GeneticModification],6,0,6,0.0,0
PXD019519,Characteristics[Genotype],6,0,6,0.0,0
PXD019519,Characteristics[GrowthRate],6,0,6,0.0,0
PXD019519,Characteristics[Label],6,6,0,100.0,1
PXD019519,Characteristics[MaterialType],6,0,6,0.0,0
PXD019519,Characteristics[Modification],6,6,0,100.0,1
PXD019519,Characteristics[Modification].1,6,6,0,100.0,1
PXD019519,Characteristics[Modification].2,6,0,6,0.0,0
PXD019519,Characteristics[Modification].3,6,0,6,0.0,0
PXD019519,Characteristics[Modification].4,6,0,6,0.0,0
PXD019519,Characteristics[Modification].5,6,0,6,0.0,0
PXD019519,Characteristics[Modification].6,6,0,6,0.0,0
PXD019519,Characteristics[NumberOfBiologicalReplicates],6,0,6,0.0,0
PXD019519,Characteristics[NumberOfSamples],6,6,0,100.0,1
PXD019519,Characteristics[NumberOfTechnicalReplicates],6,6,0,100.0,1
PXD019519,Characteristics[OrganismPart],6,0,6,0.0,0
PXD019519,Characteristics[Organism],6,6,0,100.0,1
PXD019519,Characteristics[OriginSiteDisease],6,0,6,0.0,0
PXD019519,Characteristics[PooledSample],6,0,6,0.0,0
PXD019519,Characteristics[ReductionReagent],6,6,0,100.0,1
PXD019519,Characteristics[SamplingTime],6,0,6,0.0,0
PXD019519,Characteristics[Sex],6,0,6,0.0,0
PXD019519,Characteristics[Specimen],6,0,6,0.0,0
PXD019519,Characteristics[SpikedCompound],6,0,6,0.0,0
PXD019519,Characteristics[Staining],6,0,6,0.0,0
PXD019519,Characteristics[Strain],6,0,6,0.0,0
PXD019519,Characteristics[SyntheticPeptide],6,0,6,0.0,0
PXD019519,Characteristics[Temperature],6,0,6,0.0,0
PXD019519,Characteristics[Time],6,0,6,0.0,0
PXD019519,Characteristics[Treatment],6,3,3,50.0,1
PXD019519,Characteristics[TumorCellularity],6,0,6,0.0,0
PXD019519,Characteristics[TumorGrade],6,0,6,0.0,0
PXD019519,Characteristics[TumorSite],6,0,6,0.0,0
PXD019519,Characteristics[TumorSize],6,0,6,0.0,0
PXD019519,Characteristics[TumorStage],6,0,6,0.0,0
PXD019519,Comment[AcquisitionMethod],6,6,0,100.0,1
PXD019519,Comment[CollisionEnergy],6,0,6,0.0,0
PXD019519,Comment[EnrichmentMethod],6,0,6,0.0,0
PXD019519,Comment[FlowRateChromatogram],6,0,6,0.0,0
PXD019519,Comment[FractionIdentifier],6,0,6,0.0,0
PXD019519,Comment[FractionationMethod],6,0,6,0.0,0
PXD019519,Comment[FragmentMassTolerance],6,6,0,100.0,1
PXD019519,Comment[FragmentationMethod],6,6,0,100.0,1
PXD019519,Comment[GradientTime],6,0,6,0.0,0
PXD019519,Comment[Instrument],6,6,0,100.0,1
PXD019519,Comment[IonizationType],6,0,6,0.0,0
PXD019519,Comment[MS2MassAnalyzer],6,0,6,0.0,0
PXD019519,Comment[NumberOfFractions],6,0,6,0.0,0
PXD019519,Comment[NumberOfMissedCleavages],6,6,0,100.0,1
PXD019519,Comment[PrecursorMassTolerance],6,6,0,100.0,1
PXD019519,Comment[Separation],6,6,0,100.0,1
PXD019519,FactorValue[Bait],6,0,6,0.0,0
PXD019519,FactorValue[CellPart],6,0,6,0.0,0
PXD019519,FactorValue[Compound],6,3,3,50.0,1
PXD019519,FactorValue[ConcentrationOfCompound].1,6,0,6,0.0,0
PXD019519,FactorValue[Disease],6,0,6,0.0,0
PXD019519,FactorValue[FractionIdentifier],6,0,6,0.0,0
PXD019519,FactorValue[GeneticModification],6,0,6,0.0,0
PXD019519,FactorValue[Temperature],6,0,6,0.0,0
PXD019519,FactorValue[Treatment],6,3,3,50.0,1
PXD061285,Characteristics[Age],60,0,60,0.0,0
PXD061285,Characteristics[AlkylationReagent],60,0,60,0.0,0
PXD061285,Characteristics[AnatomicSiteTumor],60,0,60,0.0,0
PXD061285,Characteristics[AncestryCategory],60,0,60,0.0,0
PXD061285,Characteristics[BMI],60,0,60,0.0,0
PXD061285,Characteristics[Bait],60,6,54,10.0,1
PXD061285,Characteristics[BiologicalReplicate],60,0,60,0.0,0
PXD061285,Characteristics[CellLine],60,0,60,0.0,0
PXD061285,Characteristics[CellPart],60,0,60,0.0,0
PXD061285,Characteristics[CellType],60,0,60,0.0,0
PXD061285,Characteristics[CleavageAgent],60,60,0,100.0,1
PXD061285,Characteristics[Compound],60,0,60,0.0,0
PXD061285,Characteristics[ConcentrationOfCompound],60,0,60,0.0,0
PXD061285,Characteristics[Depletion],60,0,60,0.0,0
PXD061285,Characteristics[DevelopmentalStage],60,0,60,0.0,0
PXD061285,Characteristics[DiseaseTreatment],60,0,60,0.0,0
PXD061285,Characteristics[Disease],60,0,60,0.0,0
PXD061285,Characteristics[GeneticModification],60,50,10,83.3,2
PXD061285,Characteristics[Genotype],60,0,60,0.0,0
PXD061285,Characteristics[GrowthRate],60,0,60,0.0,0
PXD061285,Characteristics[Label],60,60,0,100.0,1
PXD061285,Characteristics[MaterialType],60,60,0,100.0,1
PXD061285,Characteristics[Modification],60,60,0,100.0,1
PXD061285,Characteristics[Modification].1,60,60,0,100.0,1
PXD061285,Characteristics[Modification].2,60,0,60,0.0,0
PXD061285,Characteristics[Modification].3,60,0,60,0.0,0
PXD061285,Characteristics[Modification].4,60,0,60,0.0,0
PXD061285,Characteristics[Modification].5,60,0,60,0.0,0
PXD061285,Characteristics[Modification].6,60,0,60,0.0,0
PXD061285,Characteristics[NumberOfBiologicalReplicates],60,0,60,0.0,0
PXD061285,Characteristics[NumberOfSamples],60,60,0,100.0,1
PXD061285,Characteristics[NumberOfTechnicalReplicates],60,60,0,100.0,1
PXD061285,Characteristics[OrganismPart],60,0,60,0.0,0
PXD061285,Characteristics[Organism],60,60,0,100.0,1
PXD061285,Characteristics[OriginSiteDisease],60,0,60,0.0,0
PXD061285,Characteristics[PooledSample],60,0,60,0.0,0
PXD061285,Characteristics[ReductionReagent],60,60,0,100.0,1
PXD061285,Characteristics[SamplingTime],60,0,60,0.0,0
PXD061285,Characteristics[Sex],60,0,60,0.0,0
PXD061285,Characteristics[Specimen],60,0,60,0.0,0
PXD061285,Characteristics[SpikedCompound],60,0,60,0.0,0
PXD061285,Characteristics[Staining],60,0,60,0.0,0
PXD061285,Characteristics[Strain],60,0,60,0.0,0
PXD061285,Characteristics[SyntheticPeptide],60,0,60,0.0,0
PXD061285,Characteristics[Temperature],60,0,60,0.0,0
PXD061285,Characteristics[Time],60,0,60,0.0,0
PXD061285,Characteristics[Treatment],60,6,54,10.0,1
PXD061285,Characteristics[TumorCellularity],60,0,60,0.0,0
PXD061285,Characteristics[TumorGrade],60,0,60,0.0,0
PXD061285,Characteristics[TumorSite],60,0,60,0.0,0
PXD061285,Characteristics[TumorSize],60,0,60,0.0,0
PXD061285,Characteristics[TumorStage],60,0,60,0.0,0
PXD061285,Comment[AcquisitionMethod],60,0,60,0.0,0
PXD061285,Comment[CollisionEnergy],60,0,60,0.0,0
PXD061285,Comment[EnrichmentMethod],60,0,60,0.0,0
PXD061285,Comment[FlowRateChromatogram],60,0,60,0.0,0
PXD061285,Comment[FractionIdentifier],60,6,54,10.0,1
PXD061285,Comment[FractionationMethod],60,0,60,0.0,0
PXD061285,Comment[FragmentMassTolerance],60,0,60,0.0,0
PXD061285,Comment[FragmentationMethod],60,60,0,100.0,1
PXD061285,Comment[GradientTime],60,0,60,0.0,0
PXD061285,Comment[Instrument],60,60,0,100.0,1
PXD061285,Comment[IonizationType],60,0,60,0.0,0
PXD061285,Comment[MS2MassAnalyzer],60,60,0,100.0,1
PXD061285,Comment[NumberOfFractions],60,0,60,0.0,0
PXD061285,Comment[NumberOfMissedCleavages],60,60,0,100.0,1
PXD061285,Comment[PrecursorMassTolerance],60,0,60,0.0,0
PXD061285,Comment[Separation],60,60,0,100.0,1
PXD061285,FactorValue[Bait],60,6,54,10.0,1
PXD061285,FactorValue[CellPart],60,0,60,0.0,0
PXD061285,FactorValue[Compound],60,0,60,0.0,0
PXD061285,FactorValue[ConcentrationOfCompound].1,60,0,60,0.0,0
PXD061285,FactorValue[Disease],60,0,60,0.0,0
PXD061285,FactorValue[FractionIdentifier],60,6,54,10.0,1
PXD061285,FactorValue[GeneticModification],60,50,10,83.3,2
PXD061285,FactorValue[Temperature],60,0,60,0.0,0
PXD061285,FactorValue[Treatment],60,6,54,10.0,1
